path,primary_category_heuristic,lines,utf8_bytes,sha256
.agents/agents/csharp-quality-orchestrator.md,A Core Agent Instruction,14,662,759787a5e3b2ad30f2473e8cde0b4e6f437ffe328e89aa8f42da5082fc42611e
.agents/agents/roslyn-rule-implementer.md,A Core Agent Instruction,14,721,d0834374bc3c3784054e190d0ddeb8fe2d48e60f8438a19cb37c489478f08a83
.agents/agents/runtime-evidence-reviewer.md,A Core Agent Instruction,14,633,619a90ff23864bf5a31820d4f41673bf42b7ff03cf2e3c0b67f9ead0584a81ac
.agents/agents/shader-performance-auditor.md,A Core Agent Instruction,15,871,6c3f1523c075716d57a1a22fc5271e327e56662d6d2261ef35563276022d54ae
.agents/agents/shader-performance-optimizer.md,A Core Agent Instruction,23,878,9c9dc16e6d47b58c63dd657fb576dde9b8a8ea1c8a776acc4862da1cae704189
.agents/agents/shader-performance-orchestrator.md,A Core Agent Instruction,25,623,21b05fb8b1ac2d2175ae5ff0925c7b14d0ba059caf0300372404daa983b02fb8
.agents/agents/shader-runtime-evidence-reviewer.md,A Core Agent Instruction,14,822,4037dcbf89fee2edc418f701b26bbb664c99e6f5732a2bb0f4be8e9a99297681
.agents/agents/unity-csharp-reviewer.md,A Core Agent Instruction,13,708,86b014a54f8ae00a171a68fe2c76dad1eb9de2db95f0462c40237dce3610fcb4
.agents/agents/unity-shader-variant-governor.md,A Core Agent Instruction,19,926,a736e9cefd127ffc9ad3b141564475baf45e9108f684b8dca4a3c270ea9d53ab
.agents/skills/comment-quality-reviewer/SKILL.md,C Workflow,68,2507,aedc23182abb3d8e2b13bdbca52fb8d016fb1cc54efa4956c40ea4ac200a81c3
.agents/skills/csharp-antipattern-audit/SKILL.md,C Workflow,72,2843,49faf1d8cbb7c492b90b85b6bdbb406f45246e94052a5f3106cc8ef5edb05c4f
.agents/skills/csharp-safe-patch/SKILL.md,C Workflow,116,6975,3bceca2666ef9f5cb880ac627c1b7709fb864a2c1e313797a1dbdea806c6da15
.agents/skills/learning-code-comments/SKILL.md,C Workflow,73,2764,db03e22897f6f76da23f171d63b186acfc72bf67d5e0e45158eee7bd8b9079b0
.agents/skills/production-code-comments/SKILL.md,C Workflow,70,2677,e1caef21f96bef5baf5df771286de803a973e51c663aa8646f9a8005bc1c0a4f
.agents/skills/shader-performance-auditor/SKILL.md,C Workflow,85,3432,7cfe2d27355bce9d19c2d461aa906e0fa52395f4d0f72d4b42f5b603e1e75e1c
.agents/skills/shader-performance-refactor/SKILL.md,C Workflow,82,2948,d34d54514a32cab520801303ee57457f0c7039929f421dd02c7e43e340f91587
.agents/skills/shader-runtime-evidence/SKILL.md,C Workflow,77,3021,ef890f901daf6bfa074fa5fe1cf1ad1e44fc9731c38d405f1548980c7ed2f497
.agents/skills/unity-architecture-design/SKILL.md,C Workflow,326,12387,8870576449d0c212909e72a2b8873f77912314fd9dbe45a3cd5673ddd481de42
.agents/skills/unity-coding-standards/SKILL.md,C Workflow,28,2765,2284161452deb6fe33ad26c7a6a037b0e2ddacbea01b396d4133cf2572fc815f
.agents/skills/unity-doubt-review/SKILL.md,C Workflow,159,6327,6c63b8ff97e0f38996a791bbbbbb92432761ebf531c403453563be1a0bea9c83
.agents/skills/unity-fix-errors/SKILL.md,C Workflow,14,814,c2f00e023ca5277252acfe9f947b4bb63d68c88fecece650d60c37f7dfbac8a7
.agents/skills/unity-implement/SKILL.md,C Workflow,251,12464,70831de152bb2fff563d2956ab115cc4ee30a160537da0d40ed9d20457a41565
.agents/skills/unity-incident-investigation/SKILL.md,C Workflow,246,9744,e865938ff7ae5b25e6a8a4262110e4d4845355f0c826200233392cadbad26188
.agents/skills/unity-japanese-comments/SKILL.md,C Workflow,11,454,1137eb0ac605876d33776e0000405960c86add6fe5122a6d0792bcaf2b0afffc
.agents/skills/unity-plan/SKILL.md,C Workflow,188,6545,b684ebbb56a76ebdcd06e4ac5c14f6040192fc0f1060e155a5b1f7d245060da2
.agents/skills/unity-rendering/SKILL.md,C Workflow,250,11458,2c1e05485896e7cdf73765a42ebee8ecb23c1274a00dc411342afb90aa19dab7
.agents/skills/unity-review/SKILL.md,C Workflow,174,5482,1ab5c216b086ed73bf49166b74a13fe2baf0ef28743cfaa4d015d113d18cd0df
.agents/skills/unity-runtime-evidence/SKILL.md,C Workflow,78,2773,dc7e0c9207030de55e2bdf209e7e670733bb9d5af137446c1a37ecf99549a16e
.agents/skills/unity-shader-variant-governor/SKILL.md,C Workflow,72,3143,256e6b20969801123e528c72eebdc524397ff2c67333ceaa91d0c5bbece394d2
.agents/skills/unity-specify/SKILL.md,C Workflow,160,6328,4efe3a3f163b9ff620abcbd8ca4b4069e53045b327c1b902f5fef8ef9c061aff
.agents/skills/unity-tasks/SKILL.md,C Workflow,172,4605,bfbf0b8d4117b857883e9a4acbe265b86a802365e935a7c2417783b45f06ae56
.agents/skills/unity-visual-direction/SKILL.md,C Workflow,219,8123,10619f73a33d3aee4a48587cd5d7708c7b191dc461b4b5ad49235a8e97f57f82
.github/ProductionSmoke/run_one_repo_smoke.py,B Domain Knowledge,621,28478,244c8c8e35ac2fc5cf86f4d58a2df4ecc41330eb56c802312d669a636b99e30f
.github/ProductionSmoke/test_one_repo_production_smoke.py,B Domain Knowledge,203,8347,8c6a1c3b28f5a0c4fbf60d58482707f28b43be3fb868346ec9d801eda71d36a3
.github/workflows/actual-behavior-eval.yml,B Domain Knowledge,37,1422,378aa3e43146134024495bbff74be2a99d51af2731926b63c7d784e3a21592d9
.github/workflows/baseline-regression-gate.yml,B Domain Knowledge,151,5383,084477d5a5e2456f08f34c0d59bb583ac74cadcd9efdd08f3085c9fea8148552
.github/workflows/production-smoke.yml,B Domain Knowledge,137,4482,51e70373e5a22b04955537adc0fa78a2707153ca7c9e29477fbfffe6abfef8a7
.github/workflows/validate-agent-contracts.yml,B Domain Knowledge,55,1331,784906141b315fc51e191f5252fde4c00db73596b92d0d818e7aa2c24702151b
.github/workflows/validate-canonical-contracts.yml,B Domain Knowledge,38,1182,cfdf93679c67bc1a641778d6d19f2ed80c61a65f67be4d3452a5e5002e83ef38
.github/workflows/validate-eval.yml,B Domain Knowledge,103,3956,879399b2d534f61048e3876d2638420c044cef23f11252e4030e110ceb41fb81
.github/workflows/validate-operations.yml,B Domain Knowledge,47,1469,11535a439187456b71807859845091580bd0b47baaadeeee8b31c93e4eb2d46a
.github/workflows/validate-orchestration.yml,B Domain Knowledge,35,1143,e52f34822277a03e8aefd1b364bea8481ddf0aa444c64652a747eb1102991a9a
.github/workflows/validate-persistence.yml,B Domain Knowledge,39,1389,f6c4fc88ab9eab29bac099a59bad00fa394a942e837bb56b38aef6367131c339
.github/workflows/validate-policy-context.yml,B Domain Knowledge,47,1457,207ccb1f3f6a489732a7fcd7a5bfb4559fb6cf01da64de65dc48cd3b4dfb9583
.github/workflows/validate-production-smoke.yml,B Domain Knowledge,79,3074,c21ad252685794604df84f82d9a685986f9691e454e33c133a6faf1f45297f15
.github/workflows/validate-production-tool-runtime.yml,B Domain Knowledge,48,1598,684d658fbba587744336b04d2f32f17c94757f71bdd4a7f0597024d464b1f75c
.github/workflows/validate-runtime-harness.yml,B Domain Knowledge,31,920,9934ed22c30b1ad9bfa0e4033cb233aab3b580d312550cb1d55bc47b349a8fc6
AGENTS.md,A Core Agent Instruction,110,13447,d9c82bfc4bf65c970828319975098eaff510d447e80b001d7c005c46cab3189a
src/unityagent/context/assembly/materialize_context.py,C Workflow,376,15185,76ede1a70458705c531f2b48e81e09933e5555a09f7caee7d13d04032f3c9e18
src/unityagent/context/budget/budget_runtime.py,C Workflow,64,2389,c5eb22da801f431ea8ba8730cae5dbce5906f10e7e65770461cf97fd6214d700
src/unityagent/context/budget/context-budget.yaml,C Workflow,212,6098,4228ce0722d28e65dd386c90263e666785ed1d1723be6b91bb4b0d5e95dde5f6
src/unityagent/context/compression/compression-policy.yaml,C Workflow,23,556,31bd8646ceeb1e661ee22de9c05c6b44e5d50bc2d6668f1b2254b29d1c4fd7bf
src/unityagent/context/contracts/context-fingerprint.schema.yaml,C Workflow,19,641,746e5fd0e0db88025fa26014c83d60248f4456ac8a0f7254c452cf2ee3d23eba
src/unityagent/context/contracts/context-pack.schema.yaml,C Workflow,91,2386,d431155f3472acf98fd9570015cad4788ce7d1ddc73813a4f289d16f5bebaaaf
src/unityagent/context/contracts/materialized-context-view.schema.yaml,C Workflow,135,4193,1bb993c96ae4a972238555323c347ee808319b91e6a60947bdfd2ddac7df02ef
src/unityagent/context/contracts/memory-projection.schema.yaml,C Workflow,18,625,e479d9b163182fde4d902efc740643be46e58b22b2b06ed38920fe4f332c6e3d
src/unityagent/context/contracts/project-fact-observation.schema.yaml,C Workflow,37,1242,4c6f5f330c972cddd3bf258ce88bd40f89c8e36f6ccab9353ebbc10d66f14efe
src/unityagent/context/manifest/build_context_manifest.py,C Workflow,102,4034,2ab1f8452ae30ee0c139867c5c0d38bcc9aab61ab37331166febb4446d8854be
src/unityagent/context/manifest/context-manifest.schema.yaml,C Workflow,42,1401,a3ae3b667c16ad6093dfbef52857b02f2025b57c7451e216094ddbe036f2872d
src/unityagent/context/manifest/validate_context_manifest.py,C Workflow,64,3079,4de963322b0c405d848d011479c27c8f669fb2d88922c26e6c8069b4e432101e
src/unityagent/context/packs/architecture-design.yaml,C Workflow,162,5352,b4d64f0898d5b4418b589ec1e7ed0a146fd355670f1a549f33a0706ebe3b698b
src/unityagent/context/packs/asset-data-change.yaml,C Workflow,98,3045,9d4e879fb4447ceb3f06c42876c6708453cbf6494767e2d11ad48c0db6722037
src/unityagent/context/packs/csharp-local-fix.yaml,C Workflow,93,3080,d859b64ed1786c4ee81232d947bf5566f605b59c61936d4613753fffc3973d93
src/unityagent/context/packs/generic-planning.yaml,C Workflow,55,1488,b75069133fedc5975c017cd6c0879cc79294e356937860e36ac9a17f84cd334d
src/unityagent/context/packs/graphics-mcp.yaml,C Workflow,152,5851,fa99998e0a00e1b7714a2c9e542f54197d46d82cac8609848a29c0f309d3b344
src/unityagent/context/packs/performance.yaml,C Workflow,90,2688,8e314b383717c2a9d57a70a4a0667555b2ba428f4546e11bd2784af5d0f2386c
src/unityagent/context/packs/portable-feature.yaml,C Workflow,96,3004,5ff580f666604c89a3981b3a05e3c41110c96cde42d89f596d440ce45e8080fe
src/unityagent/context/packs/renderer-feature-change.yaml,C Workflow,91,2910,70f2568efcc37b8198ed92b0d0d417a4b9b6bddf65bd59b6ee4b4610e23a4d5a
src/unityagent/context/packs/rendering-incident.yaml,C Workflow,83,2461,9f32ae050d40a1cb3bf2b34f83f8ab00acbf2bbacece55e477f9d8e74891a2de
src/unityagent/context/packs/shader-change.yaml,C Workflow,94,3054,c732e65a9a947ca457b8cada41daf64a9c47076959094566f340db7be92ffc9d
src/unityagent/context/packs/visual-direction.yaml,C Workflow,81,2417,f13b85d8f615e314c5702fce9b0108c97d6110282244ca74214dc9335a1ec1c5
src/unityagent/context/prompt/templates/00_full_shader_audit.md,C Workflow,22,958,e82b76413f942d32b48a8ee412b054b2c47b9dbdc23fac932ff44b128b21ed36
src/unityagent/context/prompt/templates/01_optimize_from_audit.md,C Workflow,15,747,60fcb1c9fd9d37fba44c9ced4bf8061439764a9c361ce6e39d661f5ad5d96a23
src/unityagent/context/prompt/templates/02_variant_audit.md,C Workflow,15,739,a3bc396b3bfa42f4f44dbb1a8ab9587d463e9159001d548eca831190709cb7a7
src/unityagent/context/prompt/templates/03_runtime_evidence.md,C Workflow,15,801,574261cd5e9ad29b6e11bcc1f3bdd8f4684c785dbf2ad832b145086b143c2c83
src/unityagent/context/prompt/prompt-catalog.yaml,C Workflow,22,848,b05ffb6c8e2f28da2ceede44bef50b2fcd31e63551f37d4594bb3d6af029114d
src/unityagent/context/retrieval/knowledge/graphics/unity-graphics-mcp.yaml,C Workflow,139,7641,5b54cb6476b497d0425275fda861ae1f73f002f19e719aff943abad8a7f20b96
src/unityagent/context/retrieval/knowledge/index.yaml,C Workflow,54,1638,2314db33f61b85a506b22b5e2160d776af0abb9789b8510d9f51c3cd05b73fce
src/unityagent/context/retrieval/knowledge/knowledge-graph-pilot.yaml,C Workflow,64,1384,a146e8535fb7247532f52526131cce29ed28d8e11a6496d0a4ceb8555b41cd37
src/unityagent/context/retrieval/knowledge/knowledge.schema.yaml,C Workflow,52,1054,07ec18eacfc06c423929c64d0a1addb690193ddf42f1148ed72c0476787c2a08
src/unityagent/context/retrieval/knowledge/rendering/motion-vectors.yaml,C Workflow,45,1152,46e874a1d46422bf0978066dbf61b115c375484828e0548a2ae662cb3a18a526
src/unityagent/context/retrieval/knowledge/rendering/outline-rendering.yaml,C Workflow,46,1128,fc1edb3f3001adcaeeef2cfd1f0343d4799249401dc81b07e7c740e1f790e5ea
src/unityagent/context/retrieval/knowledge/rendering/shader-variants.yaml,C Workflow,43,1085,7d87d7713ab21072c3d84aae2a1961a32d8260636a83a0a87bb6abff7892438d
src/unityagent/context/retrieval/knowledge/rendering/temporal-anti-aliasing.yaml,C Workflow,87,2402,958920b758e6f46e50bc9ab81bd71a8bdb7d7eac63557b2a71b25e08b411c374
src/unityagent/context/retrieval/knowledge/rendering/transparent-rendering.yaml,C Workflow,46,1120,36e78b8f97b334c6eeacf5783a891c1921276947b69ce2afc386eae5484af330
src/unityagent/context/retrieval/knowledge/rendering/ui-composition.yaml,C Workflow,44,1066,a8fb4cadd02c86c737d9b4e60e6ccfb716a36d458bc87fc1f88a5396569d7d5d
src/unityagent/context/retrieval/memory/README.md,C Workflow,22,1065,18c20bfeb3e6e3979c8905001606d5d738de893e184199d76cc4e6216c7977af
src/unityagent/context/retrieval/memory/project_memory.py,C Workflow,92,3964,1234b343d7330796d3e74610ad34b908088db17e0f307b084ca0e9447958822f
src/unityagent/context/selection/capability_selector.py,C Workflow,40,1347,6ae4f9f1759d610cb70916238a7564863b50961bb2dfccb2cb3eb1238e115238
src/unityagent/context/selection/context-catalog.yaml,C Workflow,73,3669,4bce6a8bb461d7458aac6fe08c910461c2c527d6e25b3b8be47bdfccba4b1db6
src/unityagent/context/selection/path_resolver.py,C Workflow,44,1562,0b28aab96ebae8b5ca3ad5383eb0901b2aca9b396b37d80f3782dbbace550753
src/unityagent/context/selection/tool-capability-catalog.yaml,C Workflow,73,2832,759e25ef0ef979a07f129eeb6427dbd9cdc770d9114d8312a4d0a4e81dcd93bc
tests/context/test_context_migration.py,E Validation,89,5227,307d36d55329effe42c4d9a603e7a08dbcb3f5f01dfa7bd36b9ed8707a4a1936
tests/context/test_project_fact_freshness.py,E Validation,58,2255,3000935990fd09d833b40c50d56bc460de35b5f61a78654d1acebf955db7030d
tools/context_validator/validate_stale_paths.py,E Validation,98,3317,8e6765b3f657a2952eac4daced86df2423cfa45b7ddad257ec06ef48466bc5d1
eval/attribution/attribution.py,E Validation,238,8339,7b11a12eadebbad4dfe0d50f628d6a5be0653a394734f777a1e2fc7e41ab9414
eval/attribution/eval-record.schema.yaml,E Validation,148,3663,41a07cd08f2e831773d865b6ea1fdff6c3bbe492f30ac9a428da90e8efe02cc1
eval/attribution/failure-taxonomy.yaml,E Validation,71,3400,659ac6b40d1af6e27f0f7d47db62f5648fab6cf2df3ff2a9d66d1240cf8f83c1
eval/behavior/__init__.py,E Validation,1,59,87dd8d241ef7eabebdeca8b656f36c40a894e58c3dc7f7f50878037cbb352f27
eval/behavior/behavior-eval-contract.yaml,E Validation,26,1065,c257b7b25daa4d620379debd5101b95d02eb3cf2a5fd5ec3df661044eb8cd7c6
eval/behavior/derive_signals.py,E Validation,412,17755,92b88727bca7d9bed2d1bdcdd66f6415376b01abd64a9e4b8771675d4ab33279
eval/behavior/grade_production_smoke.py,E Validation,82,3465,6b66f92d45227acf3db898f76dba40b47d782d3f8759b01eeb0570548c24253d
eval/behavior/normalize_result.py,E Validation,366,14640,332ed11c08a2c06ce8c0c3cbe0383d85c9eb6bc92a3fd867cc31145293809145
eval/behavior/run_behavior_eval.py,E Validation,291,12486,7e43c445f3188c1bc19792a97220d76d90867599f7476ef5d1db15ae98daa4c5
eval/behavior/runtime_adapter.py,E Validation,93,3598,d81bb02cb1c70931a7cdb7b1241acdc6389e4345e70efbab06e5c45433eb35dd
eval/behavior/validate_behavior_eval.py,E Validation,152,8414,4b3a187c26ef6e448e416f35bd20e7eac3019e8900d1d0df97bf92edfb5f8fe4
eval/behavior/validate_cutover.py,E Validation,138,4238,69e50869cfe0da8c91995c4d77b883146df20553c8f2237ada10ec65741d7a42
eval/behavior/validate_mutation_production_contract.py,E Validation,291,11713,7ad9e3dda6e2f0a7c8b456492f8442f5565d25ff0e16d5c927a45dd61644c9fd
eval/behavior/validate_naming_production_contract.py,E Validation,221,9411,ae43a3b148b759a983e87c74f83d02e6464cbb76c7f6d0638dfd9fc6d391a6b2
eval/behavior/validate_policy_provenance.py,E Validation,88,3366,35aef5e79db10632e112713b15a0606e7a55074bce1ce8984226085013031bb1
eval/behavior/validate_production_smoke.py,E Validation,272,11899,e6b91c92dd0d676cb39feeed3ea67f720cc7c89d3709c48e8117d551c1d512f6
eval/behavior/validate_run_integrity.py,E Validation,73,2332,d6ec49532685eeff618b403a951a0e32399ae9d3db8c08e08211a31b75984e31
eval/change_proposals/change-proposal.schema.yaml,E Validation,26,975,558313c71bc37de7b5e154ade4ed28f4fbe13d3babc269121394037e3afc317f
eval/change_proposals/change_proposal.py,E Validation,41,1526,5112ad0c1d4ea8f49cd8baa53121588f4f22e9c36508609762baf281093daaca
eval/datasets/behavior/fixtures/camera_debugger/README.md,E Validation,7,458,2638b4a7a6901553d633fb24e6c82da43d65fdad9d951b38497b396cfc15d5b0
eval/datasets/behavior/fixtures/empty_feature/README.md,E Validation,7,352,21aa80cf2088615c5926fb8fbbda32ab593aed0a86a1b383fd621afc669876ae
eval/datasets/behavior/fixtures/local_patch/README.md,E Validation,7,323,6fadb90a3c70ed0f379d0f4e65beac4f886a80f60c5479ab3cba7d973c34007c
eval/datasets/behavior/protocol_fixtures/qualified-policy-fragment.yaml,E Validation,6,249,135a70bb19d74658186a4be7dd316f2ae84464a8332c636b50fcd62afde37c37
eval/datasets/behavior/protocol_fixtures/valid/artifact-index.yaml,E Validation,5,119,b972188d4c6191c0f94255653fe6b96403461ba05e7b4dd690c54863cb2a8e91
eval/datasets/behavior/protocol_fixtures/valid/context-manifest.yaml,E Validation,37,943,b81369cb494755a0a8f12fbbe3458aa7f4421e2bf6a5ede51905c8342f43c40b
eval/datasets/behavior/protocol_fixtures/valid/execution-envelope.yaml,E Validation,36,1042,e8df3aa28dd53bd28bed76cb98b110495cc8166b072ff9fd744c892043e2b77c
eval/datasets/behavior/protocol_fixtures/valid/request.yaml,E Validation,19,624,cb15cbc946ff9d3806cf119a1a1bf239f8aa2804f58f70ed892a63c204e50fae
eval/datasets/behavior/protocol_fixtures/valid/response.md,E Validation,1,119,12cfa4964bad4a829d9bb634b6883fd0893a5c657fa186ada7196d10536c63fb
eval/datasets/behavior/behavior-eval-request.schema.yaml,E Validation,79,2078,0894275895c095cb74607acddbdd03d6d6241eb86e2a2568a144e2dca80dadd0
eval/datasets/behavior/diagnostic-runs.yaml,E Validation,32,1075,1307755f41a217706540637cfa431f8ec3351004d41d49da06f7e85040d6f6aa
eval/datasets/behavior/execution-envelope.schema.yaml,E Validation,110,2861,31b8a08804cea425603d06ac773ce872b40922e60dab480ad0346e71554933aa
eval/datasets/behavior/production-smoke-contracts.yaml,E Validation,50,2396,29826e8e7eca627f659a51404cca887b5e937a6177c52cc205f8dd00f832eea3
eval/datasets/behavior/production-tool-runtime-environment-matrix.yaml,E Validation,112,5392,c525269c05cffd03a9da2dc9b9fde1845d8ebb97e88cbb42090dd10c31a650c7
eval/datasets/behavior/suites.yaml,E Validation,198,7200,34b96e8a4bd8074f6d71efa0043dea2a6c8bf561576212558cc0184460ef383d
eval/datasets/golden/__init__.py,E Validation,0,0,e3b0c44298fc1c149afbf4c8996fb92427ae41e4649b934ca495991b7852b855
eval/datasets/golden/candidate-result.schema.yaml,E Validation,79,1996,40b558ad05ded537b2d46ace44d90ad9d5481ae358386af44df4ec9e5b4adc0b
eval/datasets/golden/cases.yaml,E Validation,1367,36086,a8a1cbb4205f78ec6e472cfc52fcf126d0d82ea6271ee2d81d6fb9641183d967
eval/datasets/golden/context-budget-v1.yaml,E Validation,150,4556,1c941e74f31a7185691c92faa709ebfa490f202e71aaf71b3ec8adf45ac661be
eval/datasets/golden/golden-task.schema.yaml,E Validation,54,1213,8c910ba262991162a53a2f9545b3eaca145ffe401d9bb63f174ad364b4e05c5c
eval/datasets/golden/typed-context-v3.yaml,E Validation,87,2564,21bd6d1fd7a357e674e9893596e98e97d7c3a6c548f2d90f599e195cb007e2b7
eval/datasets/paths.py,E Validation,44,1634,a0e73b629c66596799f61f6666d956d73794769a61389c650e5966fce5c326df
eval/golden/README.md,E Validation,40,1625,e947e415db55033034f556d9205d7457ae2e088b5fd5b49434fc37de95cd0aa5
eval/golden/__init__.py,E Validation,1,61,d33dfb63cae9bbee7c43f723df7d474f103bf58be8d3aa3da359a17a61373a47
eval/golden/core_run_golden_evals.py,E Validation,286,11880,dc0e54d2e5be049a157fa7cd514a4723c1fc111e526a18e95c796404d307fdc6
eval/golden/naming_grader.py,E Validation,424,13806,f36146a401f58e520ba7200de5ae9f0459b1fbeeadb76e04905eff4d5963be41
eval/golden/project_regression_graph.py,E Validation,102,3770,52e94134f96741027798772c76529b5b818093d636ba98244b3f7539b5922911
eval/golden/run_golden_evals.py,E Validation,36,1005,f285ab9ea17667e2bdad949a3a029c68d9e59dbeb4db8a83284b0f0c82954d6a
eval/golden/validate_context_budget_v1.py,E Validation,170,7359,53ee1708c5bc7d122462fddee957295660513536a3838f5de0887816ecff4503
eval/golden/validate_gate_catalog.py,E Validation,59,2086,0d3e5bca427bc2baf1f131a57013a84224bb81feed7ae5922bf927549405a2db
eval/golden/validate_golden_tasks.py,E Validation,229,11884,07f979dc80048f487b6c0eaaeba172fc334a662dcd045cd0fc0f2e80bc8d9f23
eval/golden/validate_naming_grader.py,E Validation,150,5898,0c9bdb7531df151a7647f99a482e391d51d794a475aa0d84680921e560c1497e
eval/golden/validate_required_knowledge.py,E Validation,76,2937,a5aad84d6eb99e9969933245839f4a0989162fac6d55a94ee3c51d88f02c097c
eval/golden/validate_typed_context_v3.py,E Validation,135,6015,eb67801dcd00037eea71c610ff3a5462762dee7e5967d0cccf86074d0b55d251
eval/golden_contracts/build_contract.py,E Validation,112,4290,888d495817642905d23bbd72eed9f26c31a0a1a58c39ff7c9b55d381ce7894fd
eval/golden_contracts/golden-contract.schema.yaml,E Validation,25,684,db7619dd6c3fb1438fad14b21b061431c5ea2a6687dd7bf362723ac2780a125b
eval/golden_contracts/golden-eval-contract.yaml,E Validation,61,1939,35e1d4157c9d704e9ab7a8e8055d71beafe2a7315ed0c2fd63d4f2b1f8f6447d
eval/rebaseline/baselines/phase9-baseline-20260830-09.yaml,E Validation,86,3339,033ce3b4f9ef5e2623940da1b72c69aae8eadc3521fcdbd705ce5a3ae146d67a
eval/rebaseline/baseline-freeze.schema.yaml,E Validation,130,4205,eef7d544d786e8057cb0a6f76fc5454173f8868a1537584f94828e4e681bad7a
eval/rebaseline/baseline_freeze.py,E Validation,84,3436,8c93b60dcd5a2ad6658d5ebeca62c95709b80e7f2e7573f52ac63976d3472a17
eval/rebaseline/build_rebaseline_summary.py,E Validation,99,3612,f8655c83471ce32ea3502ec29b47d0c4a32f49ef5fbed87932173f791079fd01
eval/rebaseline/rebaseline-summary.schema.yaml,E Validation,197,6789,dcdbfc7cc4e6d83bb6a7047f88800fa8fb293aecdbeb16f473c5b86ebc95a4fe
eval/rebaseline/rebaseline.py,E Validation,307,13162,ee79319cdaea65b227502dd4220a540e2856077bcea9f70a29f88525159ecbd8
eval/rebaseline/validate_baseline_freeze.py,E Validation,38,1247,dba16e7b5cf0d15a175eadd5d874af61d549cf2a366d36e99a7f9ea1df68a436
eval/rebaseline/validate_rebaseline_summary.py,E Validation,41,1486,4155d0b3ef287c3e348f6aa19b7da7b72652f176803f2b0ccdeb96fba2e1e149
eval/regression/__init__.py,E Validation,1,65,391d798463048ed87e4775b2a19dcc0236fa6b931dc237cd508cf9547c587913
eval/regression/baseline-comparison.schema.yaml,E Validation,147,4628,fdd88aedd27a0a74ba117c2d48e16bef60fde7b2dce9a029f2d3f3fc1138d3b4
eval/regression/baseline_comparator.py,E Validation,440,18198,6a7c016f642491c84a80bf832b3ada8e2920651dc6f26b6559591207557bfee7
eval/regression/compare_baseline.py,E Validation,86,2628,1b3c600342232fd08830eaa762fd18871206a205c64b8642cf3a14fdea5e1a46
eval/regression/validate_baseline_comparison.py,E Validation,41,1376,c1239ab73bb6f8985d712876720ee10032b383e0550275bf654b3652533fe3f3
eval/replay/historical-replay-manifest.yaml,I Historical / Legacy Rule,13,464,be8d5fc2bf0bac67b8e19bc8123e92be1be349585395a3fc0f132a2d92121258
eval/replay/historical_replay.py,I Historical / Legacy Rule,134,5466,c765d84db44e0660040e2dfa222441d0cbfa7efd87586691d43faffd072fd8d7
eval/replay/legacy_bundle_normalizer.py,I Historical / Legacy Rule,307,12840,fbb54bf21d09290a9423f7ae9f8db01b6072797dd486baf30e35d1e0626785b9
eval/replay/legacy_persistence_graph.py,I Historical / Legacy Rule,79,3125,0ad6043a6434627a617739bfebdd9edb788bc8d9fd2a924620afa1ee3b104952
eval/replay/legacy_persistence_memory.py,I Historical / Legacy Rule,114,5493,2dbc12164b840149066cbfce311d278ae42eec5100b0488c91f221281974ccdd
tests/eval/test_baseline_comparator.py,E Validation,220,8659,5dfe2e9138c0d3800fb2f99fb85cc6052465ff9df2da42d58e7d4243ef7837db
tests/eval/test_baseline_freeze.py,E Validation,73,2931,aaa0978146b230abf879c2afb9cf796b0d5f7011faff9783a7111364ec4c5853
tests/eval/test_contracts_and_replay.py,E Validation,116,6945,3a1f049ca34038df2f48e496ed9fa57bd95e49a58686c4eb323fcad431b350f1
tests/eval/test_eval.py,E Validation,217,10764,84e99b8a1a70d9104321748cdf648a862b457a31351c49ea9802d030aa6e5ce2
tests/eval/test_legacy_persistence_replay.py,E Validation,83,3401,492d748353aa0d52a4566acdec54c42400727fea7da50676bdf249169e06154d
tests/eval/test_local_regression_gate.py,E Validation,63,2473,cb76b607109a060f54b408f75d4ad85f2703c839f00d2a8cc263d6d180c0c6f5
tests/eval/test_production_cutover_fingerprint.py,E Validation,74,2810,e84e795ee4c83d0c8d2c006941ee777b4fce8321bb48efb9193d418db8c80ef0
tests/eval/test_provider_attribution.py,E Validation,223,8179,a89c8ff4e198183f7cd9a25b18097f181da5ba3054d66eebd899cbf50789b6bf
tests/eval/test_rebaseline.py,E Validation,147,5864,81f0d64e3902a528b256a93dbc29f9e20ab97dc4416acea8d4d517fa3b18834b
eval/__init__.py,E Validation,1,49,c5112252e9755d7e1afd037102f9f0f01819a6e59b8e92e61cf53b06b7fefe8d
src/unityagent/operations/change_management/change-request.schema.yaml,B Domain Knowledge,21,956,ae655c51cf98d17b30954c7b2f56e94b1d1fc501d910fe777faf0ace52f57887
src/unityagent/operations/change_management/change_manager.py,B Domain Knowledge,139,5736,552b4fdd9cecfc0b771fb927d3bfaeca718f71c8613767fdac8682d65e451e3b
src/unityagent/operations/change_management/operations_api.py,B Domain Knowledge,30,1663,e84e7fac45e09e19280ae11e9127699dc741f62774decba73cc89de6c6ebaa77
src/unityagent/operations/change_management/version-manifest.schema.yaml,B Domain Knowledge,21,1174,e0148dbb24f3d6fabfb658ce7718434b9f5707a93b3778556b2e2625a6473bd4
src/unityagent/operations/detection/detection-event.schema.yaml,B Domain Knowledge,24,853,39002b25862a47546ee8f620974cf8d5220a6bb114e7b5f16e9de0d2e526dcc5
src/unityagent/operations/detection/detection-policy.yaml,B Domain Knowledge,13,415,0291cab56f4219135d930287ee10584a090bd0a27d7d04ad6e6919b2787c52f6
src/unityagent/operations/detection/detector.py,B Domain Knowledge,161,6625,ed7a095ae1ac91d7aef5291611802ec4e4160ac6241f392ff1e692f2e51e61b9
src/unityagent/operations/incidents/incident.schema.yaml,B Domain Knowledge,25,857,ccbfd5da89072ceae820a5f5dcb7f9323e9394939fbc46e9527bb93f3e4e73c2
src/unityagent/operations/incidents/incident_manager.py,B Domain Knowledge,65,2687,07b091c99f36e384e7f87f0babcde1706eab744ac79fca3c4396fc5f26e3c17b
src/unityagent/operations/incidents/runbook.schema.yaml,B Domain Knowledge,30,1043,059b20e08d4500492879ce52adf18a1f1d68a526531a1337c8ee46c236135d04
src/unityagent/operations/incidents/runbooks.yaml,B Domain Knowledge,59,2301,d2f995ecaf4851b5805d332992d356c599862d22dcd2d9eb94b6fe3201638b79
src/unityagent/operations/observability/audit-event.schema.yaml,B Domain Knowledge,22,939,52c6e4da0c20edde8cd59ff504b92d5bba8a0bc5468e9da6cd57f784cb31770e
src/unityagent/operations/observability/backend-contract.yaml,B Domain Knowledge,11,495,218b3c1c48adf8a6c0222a2cdddb2920276a69742da5a4c308934a2d998f713a
src/unityagent/operations/observability/dashboard-contract.yaml,B Domain Knowledge,26,679,359d68f4054c3aa3d45fe79b863c34fd12082b41b5229d96c24d91f2398a3a2d
src/unityagent/operations/observability/event_store.py,B Domain Knowledge,121,4380,50b960ab6078a90eb047a579e78b07d7083a0ae31850877b2eba7a162a8b8529
src/unityagent/operations/observability/metric-event.schema.yaml,B Domain Knowledge,20,741,73fd075fc200be690121ac8d62ad09e860dfda884463c0ed0dde939ad95e5a73
src/unityagent/operations/observability/structured-log-event.schema.yaml,B Domain Knowledge,20,769,5e47ee1c45c0ca903eafe71b7bce1520b6a6987bf9db6d403f6d52723df1e731
src/unityagent/operations/observability/trace-record.schema.yaml,B Domain Knowledge,24,834,37a9f70cd9598144b80eda6ed7bdb764184a0f067089271c872364ef6815f591
src/unityagent/operations/runtime_control/action-catalog.yaml,B Domain Knowledge,48,1462,cc8c439aba61a25c47167a29e189b7d48bf9b8c78952b82424eba2fd748cccdb
src/unityagent/operations/runtime_control/approved-control-command.schema.yaml,B Domain Knowledge,23,1197,c8671515e3329033a4becf7185e2cb3d9a472b0c3617147de78bd11af991e3de
src/unityagent/operations/runtime_control/control_gateway.py,B Domain Knowledge,206,10176,44d78199dd7cc13656baa4a5b3ad5926ce8604796597bbb18424d69d03e040d6
src/unityagent/operations/runtime_control/runtime-control-request.schema.yaml,B Domain Knowledge,17,774,2932f0b104ffbc652982bb11b472426ee73062b0184c256160954eb2a19f9345
tests/operations/test_change_hardening.py,E Validation,63,2519,f45ac62fa60a2730d1a34752d04f3f80fb7ea27b730e872996a77aa199da83a1
tests/operations/test_contracts.py,E Validation,21,830,b19adc5291f3885be0103f4113bd38e34dec0de1155c336722a935343d14b71c
tests/operations/test_operations.py,E Validation,320,16008,4d11bcf61de9ec1f42a7ed97b48f4d3e029d7ae9670cc2dee17477eb61b69383
src/unityagent/orchestration/contracts/task_contracts/architecture-design.yaml,C Workflow,138,4844,3f53342f40503b4dcc8ee3614e75a10ac3779c90468a1d93937fc533bc3d8f46
src/unityagent/orchestration/contracts/task_contracts/asset-data-change.yaml,C Workflow,47,1325,8f294eafd92cb4bf385a8d86ff366497bde0242a3cb4f51890fb2436fd421cad
src/unityagent/orchestration/contracts/task_contracts/csharp-local-fix.yaml,C Workflow,78,2481,20bf8425ed3074a37fa5724e0a318c71617cb7bd6faf5ca7adfac766ce368de7
src/unityagent/orchestration/contracts/task_contracts/generic-planning.yaml,C Workflow,38,1020,15a2d9d920ca26a5122422fbb8c5a2378b2b2d13c6398d7bf0690ec5eca18b29
src/unityagent/orchestration/contracts/task_contracts/graphics-mcp.yaml,C Workflow,99,4074,8165f6f626125fda22ba098ba0ddc001c7c63570f0901d8adcbb1d7fce667bd4
src/unityagent/orchestration/contracts/task_contracts/performance-experiment.yaml,C Workflow,48,1291,789fdd07339396faab5c847e2085d47d1eb8f998433ff4d80643965e0171ff07
src/unityagent/orchestration/contracts/task_contracts/portable-feature.yaml,C Workflow,66,1740,bc050d5ccc70a519ec3604b428672efc09cc18ab0ec983c2e9d75ea2d68b7b0d
src/unityagent/orchestration/contracts/task_contracts/renderer-feature-change.yaml,C Workflow,53,1494,068c4f526db0bc96a70a0e7720652199a9361e0420f91cdbe6c2b4ddcee64eec
src/unityagent/orchestration/contracts/task_contracts/rendering-incident.yaml,C Workflow,46,1210,194eede55c612c267d3602efd9a2a23645ce075629e049f8d7cfa1d4268f2986
src/unityagent/orchestration/contracts/task_contracts/safe-import-integration.yaml,C Workflow,59,1485,2711e0dded7135e285933a70f74ee3a514c8ca4e6a0510898e44ef59aa96e968
src/unityagent/orchestration/contracts/task_contracts/shader-change.yaml,C Workflow,48,1350,d07c78f9531f4f7f3fc3c9c71ea0583f3c609ff577ff2a2c436c110bfebebb5f
src/unityagent/orchestration/contracts/task_contracts/task-contract.schema.yaml,C Workflow,66,1553,40050bdd20bd6d29ad1f29d430f7b68c6f1c8c4a4710562159f5f003efbb4a02
src/unityagent/orchestration/contracts/task_contracts/visual-direction.yaml,C Workflow,59,1556,6e0853621bb71a6ce36aca6cc79260c553645b54ee5a8d7cdad169f7c20d0bca
src/unityagent/orchestration/contracts/design-review-artifact.schema.yaml,C Workflow,98,2753,f5e2db21203dc0f2cab7d2c667a2e17a3ef55c3758d0d1259764d55b612213ab
src/unityagent/orchestration/contracts/graph-definition.schema.yaml,C Workflow,78,2637,7e31c5ef62c82b101482e71af67b7108fc5bc387d85bed8fb167775e6f75b1b6
src/unityagent/orchestration/contracts/orchestration-decision.schema.yaml,C Workflow,22,789,c1894e6a3b59344ffba6302eadd5ebc69799033ed56112d258ad12865503c50f
src/unityagent/orchestration/control/operations_api.py,C Workflow,45,2521,4459717ae3fb5537a8beef932cfc71a4ce4721a4cab4ff46866a0d0608afe02c
src/unityagent/orchestration/definitions/development-parent-graph.yaml,C Workflow,115,7217,136d12e4113f927ecca62ace237a9b62c40c269fd991a9daceadb7a1464130a9
src/unityagent/orchestration/graph/gates.py,C Workflow,16,663,3e19a837c4b4e86f72b7bcc89bbef24df34f99709e893781f86482fdc47e6d71
src/unityagent/orchestration/graph/health_checks.py,C Workflow,23,946,e840ee0726292e026c4e0efbfdd91149230dbe502380c28057a7fbc7033ef4b4
src/unityagent/orchestration/graph/local_loop.py,C Workflow,32,1647,14ca2a7883baec0b517d82d61d407d328dfb3ebea2d8ae3955dd041254c2d061
src/unityagent/orchestration/graph/parallel.py,C Workflow,23,945,e6d455d39f0046b45ba4537c9a02d76f81eb398bd8fd16f45be7b80269dba97d
src/unityagent/orchestration/graph/state_mapping.py,C Workflow,17,1400,220fb898c9db3b0fdc9ae94e706f7455bf894861deb4858c0752b0c6e6ef9c07
src/unityagent/orchestration/graph/todo_selector.py,C Workflow,18,772,2304154d00179910b33ab38055da4e92897b61748c7246f71caa7410e3449946
src/unityagent/orchestration/orchestrator/orchestrator.py,C Workflow,70,5614,5faaf57e33aa8cb54dfc37973e9c8845efe53371e14833d9a02696961accd8db
src/unityagent/orchestration/routing/route_selector.py,C Workflow,74,3702,34b33621f550fd596b068792c6e84c358403e8fa5820287fd7103ab81f52b462
src/unityagent/orchestration/routing/task-routes.yaml,C Workflow,128,4141,84f4e19f1314fa166f44617273b4e0b0aa719e55571ecb4fc09c23a695651184
tests/orchestration/test_design_review_gate.py,E Validation,150,6281,583fa3577badcb16d90a8663cccf8189acf0fc35525b59753cf58a23cfa526ab
tests/orchestration/test_orchestration.py,E Validation,118,8129,c0f69f886252d2229423dbc2545a3272bac2f69ef609bf9bc9c6c9f8769f1c49
src/unityagent/orchestration/tool_routing/capability-routing.yaml,C Workflow,81,5957,b0fca306aea45a62f7c9e14fa734addda6125b42136e02b31bcba566bd17652d
src/unityagent/orchestration/tool_routing/capability_request_builder.py,C Workflow,79,2780,69b1d3f2122f0bb148158cba635e22b06c3e85996be5ca07014e313a195a3e64
src/unityagent/persistence/checkpoint/checkpoint_store.py,B Domain Knowledge,154,7276,35b0daea9394615b6bfeb7f2f35e3a5ba4188bb0b90448af5c5f3a5443c1fb19
src/unityagent/persistence/contracts/definition-fingerprint.schema.yaml,B Domain Knowledge,30,1005,af0ca38397b75eec0ce1e79de2bf2649a11bb14301791042a6a99d5e53c1d96d
src/unityagent/persistence/contracts/definition_fingerprint.py,B Domain Knowledge,42,1848,0c7ee12b81c88d30e414cbf0ee83dfba98ea8b364496cd1884670bdd68654182
src/unityagent/persistence/contracts/evidence-record.schema.yaml,B Domain Knowledge,128,3454,b60bb3ff2d97ff4493462e78e8406f8b0b68738fb33f5c70629d604b8c2c3bcf
src/unityagent/persistence/contracts/execution-state.schema.yaml,B Domain Knowledge,19,727,7263219abac00d0a1b9115f9bfaef31c2bcf79793bb254aa8a7c7f28420a4da0
src/unityagent/persistence/contracts/loop-control-state.schema.yaml,B Domain Knowledge,16,633,59784fd6b91ef4fad45c65632220f41ed5ce7863b6c74303b022c11a1cf7bea2
src/unityagent/persistence/contracts/memory-record.schema.yaml,B Domain Knowledge,57,1697,22c22e0cf7023f20d3191dac44dfbdd24f0de5199362e807823dd14427e13697
src/unityagent/persistence/contracts/persistence-layout.schema.yaml,B Domain Knowledge,33,1561,272b39674c2c96050d33b947934751053a638d0e39ed15ea328f56932028f361
src/unityagent/persistence/contracts/run-checkpoint.schema.yaml,B Domain Knowledge,55,1914,654b730daa36a4ce1c7fd799a0896ae7b77df2e2c28e75a0e53d20671b1b3d73
src/unityagent/persistence/contracts/session-record.schema.yaml,B Domain Knowledge,19,651,846abf857a10b51be014f8eb2e75d9b142420132cc33a00418d474dc45e7e087
src/unityagent/persistence/contracts/workflow-state.schema.yaml,B Domain Knowledge,21,765,2d4c00b4c9b0a35c4a5c2ab221c601caea04771a81240aabfd1eb57285ce47ac
src/unityagent/persistence/evidence/evidence_store.py,B Domain Knowledge,115,3890,8014640cd958b5260237ca73bf2eb2ef289a39913aedf503f3861619af0836b9
src/unityagent/persistence/evidence/runtime_adapter.py,B Domain Knowledge,172,6180,7839ed9ed651ac591e6063194ef6ec9162747ed060b7f82d424bbdd93c4f7549
src/unityagent/persistence/memory/memory_store.py,B Domain Knowledge,132,6523,31f0523c526e1cd1cc272fca98ba138d7779856c0d707840c35d886099b8e14b
src/unityagent/persistence/migrations/checkpoint_migrations.py,B Domain Knowledge,91,4020,e1e31ba2dc0d1dc7560992e44eb6c604485185ee10cc6577a824e162ec0fdf0e
src/unityagent/persistence/resume/resume.py,B Domain Knowledge,99,4458,673d41cfe761b504abcb1d2d7b8334b261c0a6af63c94646aa451d2d94dd8beb
src/unityagent/persistence/session/session_store.py,B Domain Knowledge,29,1425,4a2bbce523860e7ec38e8c1e24296f17c2b47674f6cd87cb51f5d8883efd73d2
src/unityagent/persistence/state/state_store.py,B Domain Knowledge,94,5095,2af2e44847a30f4170a4715f823ba3dc0001a262aefe6ada9678aca4b99cd2d6
src/unityagent/persistence/store/atomic_store.py,B Domain Knowledge,105,3632,f2402dc4b5d419ffe46b69b4b5d0067d8479604aa76ae91d77bad94b67bc531f
src/unityagent/persistence/store/layout.py,B Domain Knowledge,54,2231,0ce8ca12d3f5400be5170f9174a76d96abf6c9a2c60f61a1047ddba38fa83bbc
tests/persistence/test_contracts.py,E Validation,34,1384,968b000de73d7e931580dd2b36b6f47ccb8244143cbad05445a992268b86dde9
tests/persistence/test_hardening.py,E Validation,169,8188,997d606eb1eb3628799d64ba3af937e5508de12252117f177a12f0fa84f68b5e
tests/persistence/test_persistence.py,E Validation,322,16926,073aae5c3dd41e34c8ec9b67bc0a0d9aff8ad032724ef9c8dd5e0c5832b3f9d7
tests/persistence/test_tool_runtime_evidence_persistence.py,E Validation,186,7721,29fdf453697cd145f1d9231e936d0a05bfc8310770ed8df2a7614f0e440a9f14
src/unityagent/persistence/persistence-layout.yaml,B Domain Knowledge,18,764,291800cf6337baa497b2e0fc2c32a8ca1b900b1d846675fba176a2779e775442
src/unityagent/policy/approval/approval-policy.yaml,F Approval Rule,19,634,684af51ce42fceb811f8e37e00b4d1076c3bb2daa3cd511ee4d68eb5f65c0f90
src/unityagent/policy/contracts/policy-set.schema.yaml,D Invariant,20,645,b0e6873eae2119a1e9b2682b0f031a2f6e0ab28c30407d1553cc0fc5da29e9f1
src/unityagent/policy/contracts/repository-ownership.yaml,D Invariant,16,616,83d4391292627f410cec76a47f07ae226da7afe3c2d89f1ce39cfaeb0e6abc9b
src/unityagent/policy/evidence/evidence-policy.yaml,D Invariant,24,839,e849066e0ea716355f36dee47cab4a5f5d875130293499f89f1795414bcdbada
src/unityagent/policy/evidence/quality-gates.yaml,D Invariant,230,7345,63f02ba7f2b2d1d7eed92fbd2290cee322bbd82faca7f36e88bc4d21b13428dd
src/unityagent/policy/risk/risk-levels.yaml,D Invariant,43,1256,d3a3aecfe18e2dfbf3df0c45e2ce31a128dc821a517d7df28325334ec4b22feb
src/unityagent/policy/security/capability_policy.py,G Tool Rule,44,1865,3e9166ea09d050515a413bb3f929a00851bac34715052b5b60378f8c41d0ff38
src/unityagent/policy/security/permissions.yaml,G Tool Rule,35,947,2af06b42a703588c275b10a2eeb001e376b6633fa5ef354ac32f5ad80a15fb7f
src/unityagent/policy/security/tool-capability-policy.yaml,G Tool Rule,111,3670,97d9d2ef2dc4e8b1eae4ea063b962e67a9e20b5bfd16c3e82a272b969f1bf932
src/unityagent/policy/security/tool-trust.yaml,G Tool Rule,24,946,e3685c07bff989deebdc372e01f6ada98b447f935602dd83ef079c401bac4126
tests/policy/test_policy_migration.py,D Invariant,49,2306,c7861f384b3d155a1c2fe014d661012e6c21ab3cdf2455257905ba0a583a8d0f
src/unityagent/policy/user/user-policy.yaml,D Invariant,111,6945,68f5f79661b5a53ad8fc802c10cd11093f1945ebdaf0eb78c55ae10b0e7d2ecd
tools/policy_validator/validate_user_policy_integrity.py,D Invariant,64,2483,9f9b793a2afe8f71175be14c8385be3fac25bb54aeb3d347ac205e815599274f
src/unityagent/context/prompt/templates/00_full_shader_audit.md,B Domain Knowledge,22,958,e82b76413f942d32b48a8ee412b054b2c47b9dbdc23fac932ff44b128b21ed36
src/unityagent/context/prompt/templates/01_optimize_from_audit.md,B Domain Knowledge,15,747,60fcb1c9fd9d37fba44c9ced4bf8061439764a9c361ce6e39d661f5ad5d96a23
src/unityagent/context/prompt/templates/02_variant_audit.md,B Domain Knowledge,15,739,a3bc396b3bfa42f4f44dbb1a8ab9587d463e9159001d548eca831190709cb7a7
src/unityagent/context/prompt/templates/03_runtime_evidence.md,B Domain Knowledge,15,801,574261cd5e9ad29b6e11bcc1f3bdd8f4684c785dbf2ad832b145086b143c2c83
README.md,B Domain Knowledge,438,12279,1c1f24505ec4de7abae6ff6bb21a699d6b0367f4b55a4f80ec8b45a3d77c0140
src/unityagent/runtime/contracts/capability-request.schema.yaml,C Workflow,113,2550,20e5748a6ac3c6dcc799a60e082648ba46f7dee1ad334144680f5de21c021242
src/unityagent/runtime/contracts/capability-resolution.schema.yaml,C Workflow,117,2514,8e4084f04df2aec469d2f22bb86a9392ea5b8865b369e9843e7df88a1e25dab4
src/unityagent/runtime/contracts/capability_contract.py,C Workflow,211,8969,250055007abfad7e256eaa95bdd155dddb50f4218d5d19feb30395f1587fe3c9
src/unityagent/runtime/contracts/dispatch-result.schema.yaml,C Workflow,16,663,ec7bdbbe8e9bb81ad0452da27c41966ad74a2618ea017aa94245adff277b1d26
src/unityagent/runtime/contracts/environment-snapshot.schema.yaml,C Workflow,151,4704,0be8c34513979bb5d717530498a0cb8d2338d6535d6bfbfe46358fa2603907ef
src/unityagent/runtime/contracts/execution-evidence.schema.yaml,C Workflow,189,4887,455bcd5035e78507141cc9ade0bff0ef0269fef3d87e12d8a761e867470c1980
src/unityagent/runtime/contracts/execution-result.schema.yaml,C Workflow,152,4102,fff221cc547de67680067003029112f7bd3cc77a0b304611d836d5c9868f83a3
src/unityagent/runtime/contracts/health-check-result.schema.yaml,C Workflow,21,913,c80aec2182443d5a56c625b6c3c9f9ecf01b6d016aabf2b5b9b2ecea132a1069
src/unityagent/runtime/contracts/mutation-evidence.schema.yaml,C Workflow,89,2150,a0593794ded617159205f81079deba594cdfdbc76c1aff796d5e63796b766078
src/unityagent/runtime/contracts/runtime-failure.schema.yaml,C Workflow,27,702,3f54a3c7abe6a16fab7d2365bd0a6dd4833aae0e8f28776384e1da6fa3b4dde2
src/unityagent/runtime/control/operations_api.py,C Workflow,44,1952,f4e75270a1d91022c18a59f5d51778a36bc55e1e98773619874a2504fb20ec96
src/unityagent/runtime/dispatcher/subprocess_dispatcher.py,C Workflow,45,1840,fae91df5bbdf5e54ab7a3290d9d5de76ea295841c2904e98cbb5598f59516c02
src/unityagent/runtime/dispatcher/tool_runtime_dispatcher.py,C Workflow,266,10259,c694c3756fe91303aa905e342c03386ccac01fe02232313011e456f4bcb78834
src/unityagent/runtime/evidence_capture/runtime_evidence.py,C Workflow,21,1415,5465e0d0a99516f4e34accb131f4dfbda10165ce5b644ae0552e07daa5597f8f
src/unityagent/runtime/evidence_capture/tool_runtime_evidence.py,C Workflow,510,19954,1cf6db191e0767bb6e9fa917a778f150506054f14281bb0dcaaf3eed29798b4a
src/unityagent/runtime/execution_control/limits.py,C Workflow,53,1877,c38e20001945693e44b1d5b9cec071fae2a0ce9ec73502616ae7132477847799
src/unityagent/runtime/execution_control/process_runtime.py,C Workflow,178,6504,31d6d838c3f768b199b037fbd567588bce1322e39eb408910ebf596b6eea4e44
src/unityagent/runtime/guardrails/mutation-channels.yaml,C Workflow,62,2059,ff648120b0beef6e01e05258e72a2c21d1457e3e23b30608dc25a75d0f1726c7
src/unityagent/runtime/guardrails/mutation_guard.py,C Workflow,24,1464,b5f2d947a6f875f42e63af133532ef6fe58b1b6b2407367010643c4f643b2dab
src/unityagent/runtime/guardrails/permission_guard.py,C Workflow,17,858,05b1556fab490b411d043b128e5fed8510ebedf6552b89373ec5c83f22111c1f
src/unityagent/runtime/guardrails/tool_runtime_guard.py,C Workflow,164,5722,3b3c4ee26c88c5296b74cdcbf1417f5280ef9110830e0c5e09c464b64e4d278e
src/unityagent/runtime/harnesses/unity/native_editor_adapter.py,C Workflow,41,1978,b144e6ddfd309a002f27f20d05ef30827af64b5302a6a9c0faaac46b670a3014
src/unityagent/runtime/harnesses/command_harness.py,C Workflow,11,853,63fc9dfb782ea64e8e5e1143a4d4236819dd3412ca8f34fa08a40a1df927964d
src/unityagent/runtime/harnesses/harness-registry.yaml,C Workflow,36,1072,69b164b69ec47ba96775ee6cff4019987f3f0c738f011012c164022c5a8be039
src/unityagent/runtime/harnesses/task_enforcement.py,C Workflow,8,1013,3a41f7219d1de235fe4bbad4d28d619960dc83de54ec5e0129cc284a5d6bcb15
src/unityagent/runtime/health/probes.py,C Workflow,100,5874,658b8bf312293ef48f1bd820e8a231a099c4dd31815dfc8cd9c10bf7d8ac0d42
src/unityagent/runtime/permissions/mcp-activation.yaml,C Workflow,33,765,e67d609138fe6b1eb0b2ec8aac14bc1174b4f890308d935d2e251531becf078a
src/unityagent/runtime/profiles/runtime-profiles.yaml,C Workflow,20,697,7d092a5947d8c29388e1e3b7cbca2c050adee5d2ecf95819cf237fe7f661ad1a
src/unityagent/runtime/runner/codex/codex_runner.py,C Workflow,187,11273,426d279b7045d34bce5a28aae039fd87a885c75ba322e7447d7144b17adb7d82
src/unityagent/runtime/sandbox/workspace_guard.py,C Workflow,46,1870,08cec0e86e9daac283e8dc0f065bb7874c223ed8eeb69a6454c7fa606f452710
src/unityagent/runtime/telemetry/runtime_telemetry.py,C Workflow,242,7187,823e7d32fd6de491cc1abe9c757c49295f8189d1a47adf533f43ca376bf5a5c9
tests/runtime/test_capability_contracts.py,E Validation,222,8912,9b638505b7a4485a4b0d07cd02771f3ed7884a52595091dbac967cfce25d39f8
tests/runtime/test_capability_resolver.py,E Validation,269,10769,3dad80a400e64bd55a4b4fd9c4ee4f09117e04c2f593d0b9983e4377fd4d363c
tests/runtime/test_codex_runner_stdin.py,E Validation,101,3618,bff2ca7567e92c32676e37af1dddc6d07b92a9605a7e9d70cdfddcc0274e2197
tests/runtime/test_contracts.py,E Validation,58,2559,95b354846288156efc16c8ea264c78c83ff3cb45bd2848b5503edf5a3c5f58cd
tests/runtime/test_environment_discovery.py,E Validation,297,13773,cab4559b3acb268a1939f83297aca3058507edd5e94b0c4618739742a3e60b90
tests/runtime/test_fallback_policy.py,E Validation,264,10821,6994ec535691bfa36c782892c3ac0b221e1da703b3e1d2b562cb2c67a428cb9e
tests/runtime/test_file_provider.py,E Validation,98,5550,c43c88d8432a09e08ea001fbbc1fb9edde078ab07e065b9d335baced0693996d
tests/runtime/test_myunitymcp_provider.py,E Validation,487,20605,44d51952159e3050d923d71f8e17798a324cfdaf177c23f2a1caef5db0f0a226
tests/runtime/test_native_unity_editor_provider.py,E Validation,158,11348,25336f163f29a50ea753212660c968c9c10ee4dc2f1a8589609aeb9c43534365
tests/runtime/test_player_runtime_provider.py,E Validation,333,13639,bacc292dc27dc4b61a44349d8a50f22efd49f4786640ba2df01470d92dd59230
tests/runtime/test_player_verification.py,E Validation,129,5486,ba4fb96e71f2af715407ab6267014ef86c1ea81e4d69f5c45d2a190f4493efb1
tests/runtime/test_production_tool_runtime.py,E Validation,280,11611,96e92c40344b8f81e6a2ee37494a12120966e6e5e95626e1145a87ded21ac1fa
tests/runtime/test_provider_registry.py,E Validation,78,3043,cc76914fedfc22a9033ba68a79b0fe3db78264cbffc62271c79eff5c24c59beb
tests/runtime/test_runtime.py,E Validation,116,7624,a2ebb87618aedab604c4f2c3081e833cf8baa5f4cd677e111f324a3141761274
tests/runtime/test_safe_mode_recovery.py,E Validation,336,13695,7d677782bbfc555d107e1928b415bc761620154192d8bed0450db3873251c428
tests/runtime/test_tool_runtime_evidence.py,E Validation,447,17802,b32556277cc5408832082b8c959640425d9449dba2b0cf88f6bf132e82962adf
tests/runtime/test_unity_cli_provider.py,E Validation,402,19299,34b1cc5c91098116a4575cc81a3aca8fb3dce4ec520fb89722befab8e76d2e2c
src/unityagent/runtime/tooling/environment/discovery.py,G Tool Rule,392,15053,64932498a1a6cc07f70d1a737a6df0761cbeaca5f74b05e37fbfa866ce309530
src/unityagent/runtime/tooling/environment/environment_snapshot.py,G Tool Rule,124,3240,c06401eb152a68d1454b987b1f4f39323246545da7f320e0b905daec9833f2f9
src/unityagent/runtime/tooling/environment/native_editor_discovery.py,G Tool Rule,257,9098,13cc3ef04cf82757d23d0d39ee569cd9d03d57bb8e1c76e18a166d514911aa7a
src/unityagent/runtime/tooling/environment/project_identity.py,G Tool Rule,90,3203,cf06b950c9dd085439518ef9f583c1e2f60cad0a4dbd91e9e7960779d630dac4
src/unityagent/runtime/tooling/providers/file/file_provider.py,G Tool Rule,173,6523,9883dc71350336799cffc8924df195533abd9cc8c77ec461be60db4763cb76be
src/unityagent/runtime/tooling/providers/my_unity_mcp/capability_mapper.py,G Tool Rule,161,4875,f873f51b547b68e2593eaaf431d078cc2adb43b0f27f3a10273b3bbace59afd3
src/unityagent/runtime/tooling/providers/my_unity_mcp/instance_binding.py,G Tool Rule,74,2152,861dd10638a2569db71ffa65749d955753de8b991b05aa782c5846964173bb8d
src/unityagent/runtime/tooling/providers/my_unity_mcp/myunitymcp_provider.py,G Tool Rule,538,23834,d4155da00f3341f0bd25bce415451fe4309dad249c1867f00fa5f075d1933b3f
src/unityagent/runtime/tooling/providers/my_unity_mcp/result_mapper.py,G Tool Rule,280,8886,d9c088dfd00fcef198e7ea21a689cef3755821dfb392398dedb9f73327cfda29
src/unityagent/runtime/tooling/providers/native_unity_editor/log_parser.py,G Tool Rule,201,6880,48b9325a6539bbe8b9213fb41ddd8b087b459ab3d6fc2fb83c8c08093194a89a
src/unityagent/runtime/tooling/providers/native_unity_editor/native_unity_editor_provider.py,G Tool Rule,357,15374,51a778a74830067f24f511245a00a526340d1403787c1d8c998ec7b6d058d80f
src/unityagent/runtime/tooling/providers/native_unity_editor/process_builder.py,G Tool Rule,155,4468,2f89fdcbc16806f2c65873f9714d432f23b7fc95fee67d6a515e4c0bd532cbcf
src/unityagent/runtime/tooling/providers/player_runtime/player_runtime_provider.py,G Tool Rule,464,18385,15eab36fe4da66b2adf6bc16faa2c4f61a9ad0422a0a7e6e78ad33c001651253
src/unityagent/runtime/tooling/providers/player_runtime/runtime_command_catalog.yaml,G Tool Rule,72,2123,eb68419afff96134ba30b78eea30da7b3d5858326dc752627a06078e71ce6ca7
src/unityagent/runtime/tooling/providers/unity_cli/command_builder.py,G Tool Rule,226,7437,b045e54815c636bcb7b8dd8bddd1682554b57c7eccea38cb1f32440f05402242
src/unityagent/runtime/tooling/providers/unity_cli/discovery.py,G Tool Rule,252,9165,d2fa81faf9f944d1442df7fb5bbec0a42c9823b44e6a766628e61d50686c0389
src/unityagent/runtime/tooling/providers/unity_cli/result_mapper.py,G Tool Rule,285,11244,4f5bfb4ae07983557d07a2121d92f494f03895e2b68c4d092430211e08fe1a7f
src/unityagent/runtime/tooling/providers/unity_cli/session.py,G Tool Rule,100,4027,882563ab7fb2ba65484f7bc31e3293998d108052b87c1322fe963f7810b70972
src/unityagent/runtime/tooling/providers/unity_cli/unity_cli_provider.py,G Tool Rule,488,19349,abea67d18d9e1b927961739ed5cd1f7f974b62ab25526b16f1d1a571b8924364
src/unityagent/runtime/tooling/capability_resolver.py,G Tool Rule,421,15459,54f4e832f18a6299c836386bff421f9b49721b7167efce087bcc219e30e4a9b1
src/unityagent/runtime/tooling/fallback_policy.py,G Tool Rule,320,11353,ffed0a314be1316ae0334863335f8e6326fbde52250f2713f70a31d335cae77b
src/unityagent/runtime/tooling/provider_contract.py,G Tool Rule,285,11579,75b1afae10e5d2cd8700719a61a5791b3c82196eb94df10a2e256ad419d70cdc
src/unityagent/runtime/tooling/provider_registry.py,G Tool Rule,44,1356,369418c0ea4fda6a9d1488f6a4d2741d8046237cc391577afad8b47f6884a7b3
src/unityagent/runtime/tooling/provider_registry.yaml,G Tool Rule,394,13100,63809d737f125074fbe490312e0a56e696abc4b9d83410feb1c3504316949741
src/unityagent/runtime/tooling/recovery.py,G Tool Rule,512,18867,96d28baa6375ac31a98b2c26a0dddbc9597160154ce4e6a6cbb58636c4b4a183
src/unityagent/runtime/tooling/safety_strength.py,G Tool Rule,105,3980,d4125046398268b2100b54b175e6a90d01db87bc7ee9ab0cc6452957c3906d4e
src/unityagent/runtime/tooling/tool_broker.py,G Tool Rule,82,2755,64de19f64df58c6895383a8412bfecacb5c322c7de55b31ee0db5b9c11ca6925
src/unityagent/runtime/verification/gate_observation.py,C Workflow,14,846,d04f496268e1b7ef59fd9bab46e89cebec61e266e1aa319c63201b4d4b0a3e9c
src/unityagent/runtime/verification/player_verification.py,C Workflow,211,7653,ca7b6dc986773ea40a3b348b53664ab93bf30b7443b5607b4f58e27c9a2ad442
docs/standards/ARCHITECTURE_DECISION_POLICY.md,B Domain Knowledge,448,13564,ee54f3ddbb0d316dbc07e48521ebcbed0aec363581544e4bb74afcfd58e21db6
docs/standards/ARCHITECTURE_STANDARDS.md,B Domain Knowledge,171,7721,da0c2c8236c9aafc202ebb975bd77860a4ec1cd2bf97edd73982789ea3d9d476
docs/standards/BEAUTIFUL_DEFINITION_INTEGRATION.md,B Domain Knowledge,90,3332,7f271130b09305c25ab7a8e0973c8bcb9f3611e64bf56069a0479c8cb8672289
docs/standards/CODE_FORMATTING_STANDARDS.md,B Domain Knowledge,227,6064,5b861b4059612c909e77e9abf0e6aab94d62598f86a301ac9e0c4e2813a56346
docs/standards/CODING_STANDARDS.md,H Style Rule,152,9266,9c50a1423a4acdc4e0b6c53b3f65cba65448104235aca538a15d27f3775b8c60
docs/standards/COMMENT_REVIEW_CHECKLIST.md,H Style Rule,64,2601,a0f8f1e4616ba9c169108ec0ec09d12328f6494ae10fb1d7065162d42846f490
docs/standards/CONTEXT_ENGINEERING.md,B Domain Knowledge,340,9891,3935b4765ebba5cc58f0cb7da5a09b49aca572a1b8bf06f2034a10ab67fce5da
docs/standards/CSHARP_ANTIPATTERN_POLICY.md,B Domain Knowledge,30,1207,71b2421778b898499e80da1200f8ab3ad7f35a6c17845b8ef7e625dc98065708
docs/standards/CSHARP_ANTIPATTERN_RULES.md,B Domain Knowledge,48,2476,5258d388e798cf1bd4bc8c600ebf402c92c9db12c12bdf212e4eda59d0af9b1f
docs/standards/ENGINEERING_DESIGN_PRINCIPLES.md,B Domain Knowledge,288,9644,7e07ed4503c5bac3dc320e3b2d94dd23d6601ccc834b3e41a8b5601d8a2fa91c
docs/standards/JAPANESE_CODE_COMMENT_STANDARDS.md,H Style Rule,103,5109,4194cb0e5c5a55faefd335b7c1443da02e355acf4203e018ab4493a38fc11dce
docs/standards/RENDERING_STANDARDS.md,B Domain Knowledge,95,3814,2f444497fc001f71d8612d8491ccaecf1ede4879d02035f31b6acc1c12dfcb15
docs/standards/REVIEW_CHECKLIST.md,B Domain Knowledge,41,1334,d2916e0a09694ec885b65765da4954f15990ef7ed2a73866b33e8a4c7add3d7e
docs/standards/SHADER_PERFORMANCE_STANDARDS.md,B Domain Knowledge,34,1889,8710c0382c8c8edc45994e8c443e6f2c3dda63f7598718bd21fa160290eb295b
docs/standards/ShaderPerformance/ARCHITECTURE_MATRIX.md,B Domain Knowledge,16,1116,b9c53f7f8ab5133616feb5f6276ea848633027bc586918a4c55326ef9e46c9ea
docs/standards/ShaderPerformance/BRANCHING_POLICY.md,B Domain Knowledge,156,8032,4e96ccdc64c7ae74082cef388c50b56ee1ead0aed59c922c1cc18cd56190153d
docs/standards/ShaderPerformance/REFACTOR_POLICY.md,B Domain Knowledge,37,1040,80e4273e59bb28b69a696b4ff175743b483c5602ee253af82239ea8b8095718c
docs/standards/ShaderPerformance/RULE_CATALOG.md,B Domain Knowledge,335,10363,097c1de21360908ff9420e105f2cbe868c4684bc53d49cc40837e1b2db745a96
docs/standards/ShaderPerformance/SEVERITY_MODEL.md,B Domain Knowledge,21,706,b4be259f19dc5a31f50282e9a1a641ea307aa9d4ba296f5e0dbd2d3dc15d11e5
docs/standards/ShaderPerformance/SHADER_REVIEW_GATE.md,B Domain Knowledge,21,1076,24155d78bafdd4268dc2a1ce976d6be3e3e8a98797bad10e212ff5351891205f
docs/standards/ShaderPerformance/UNITY_URP_POLICY.md,B Domain Knowledge,33,1419,1cb7e52e9173dd3cefaa04e8499b728ca8ca0458662d61bc30648d67326f508c
docs/standards/ShaderPerformance/VARIANT_POLICY.md,B Domain Knowledge,43,2411,caea7cf361c1cb457f68b319d16dbeb912be5404c77e2dfc7b1b9d925d0a2edd
docs/standards/TYPE_NAMING_STANDARDS.md,B Domain Knowledge,353,8431,ff1f8c3382fe889aeb17420739926614c7d89dfde6283afa2e1d9e4aa3640934
docs/standards/UNITY_SKILL_AUTHORING_STANDARD.md,B Domain Knowledge,376,12636,1cd609500cc8600410d4d50b4e6292a3441cd616476ff4e5d3e62e1fa4f5f1f8
docs/architecture/specifications/INDEX.md,B Domain Knowledge,67,2295,26bf719ff70c3aa70aebf10dcec9c784577614e257aaf2b17dad9bf5ea70d82a
docs/architecture/specifications/PlatformAndEnvironmentFallbackPolicy.md,B Domain Knowledge,251,6263,7496a8ae22f66fd64136c4a171cb929f8117ca7838bd0cc16dbdc938e4fc8466
docs/architecture/specifications/ProjectProfile.md,B Domain Knowledge,147,5306,ef6ec67943a3fbe64e150616f77659eb7c39f49856d2151a7328ab82cc1c3427
docs/architecture/specifications/ShaderPerformanceAgentSystem/spec.md,B Domain Knowledge,32,1271,423e628791d08631a7b6069f083255f27d18f0af359cff58217dbb66e8643970
src/unityagent/contracts/UnityEnvironmentCapabilityMatrix.yaml,B Domain Knowledge,284,8660,8b6cfa661c8cc2026a0158af1262e9e8e34ee630a0cd815157746eb3c177ecf9
docs/architecture/specifications/UnityToolRuntime.md,B Domain Knowledge,673,15172,9aaea7c864936d31aa118273a0ff3e2cf0469b9fdfab03022ee17c91180b44f8
docs/architecture/specifications/UnityToolRuntimeEnvironmentAdaptation.md,B Domain Knowledge,336,6994,a595cce839f92d6e89892d9d77ea0e2e6f7f773dd6ae2054926a824885d43987
docs/templates/DesignReview.md,B Domain Knowledge,78,1968,074bb08cc8a8e0df4a120c02827ea6afc2fd2c73eb8f2c8d39954a9743332b30
docs/templates/DevelopmentRequest.md,B Domain Knowledge,647,10691,471139b1f882a1afca64477bb45dddb0daa27da8d8286850385156ac7c6fe8b3
docs/templates/SHADER_AUDIT_REPORT.md,B Domain Knowledge,68,1213,00f2a8f2e28c0e887cdb18212ff55b90bc11f5676efba4ffb6c31df3647e5665
docs/templates/Skills/SKILL_TEMPLATE.md,B Domain Knowledge,97,2294,2b360e09063b7777d7c15442bba3bab087f0432a43222c8f387c88bb1fb6e313
tests/contract_validator/__init__.py,E Validation,0,0,e3b0c44298fc1c149afbf4c8996fb92427ae41e4649b934ca495991b7852b855
tests/contract_validator/routing-cases.yaml,E Validation,79,3132,fac4d94f2abcbadf4b58a0dedc97efbf6595a8ff3ce9ac6bfa15b3852f6d8c5b
tests/graph_observatory/README.md,E Validation,28,1643,20865220a55debe6d895b592cf493a1aab6f92d79669cc409dd980bf1064a76b
tests/graph_observatory/__init__.py,E Validation,0,0,e3b0c44298fc1c149afbf4c8996fb92427ae41e4649b934ca495991b7852b855
tests/graph_observatory/test_context_explorer_projection.py,E Validation,35,1511,3da61fe9d99611be294507e0e7e6638f37630e4a9bc13ee09a554760c8bc58c0
tests/graph_observatory/test_context_explorer_security.py,E Validation,34,1444,6fb40c3bdde2b7d5707fd927ad8b0c6e310800986c9c00e3d0c6d8b0a06579a2
tests/graph_observatory/test_graph_expansion_gate.py,E Validation,29,1210,b0000ba5130555b740c0e28094a47f1bcb064174bb941c329ef10eebe5252241
tests/graph_observatory/test_graph_observatory_foundation_contract.py,E Validation,73,3226,43a5b579b4ea55e97f4462d2ace2c0951e824b1eff79f5b01a35952d5604c9fd
tests/harness_projection/__init__.py,E Validation,0,0,e3b0c44298fc1c149afbf4c8996fb92427ae41e4649b934ca495991b7852b855
tests/harness_projection/test_effective_harness_invariants.py,E Validation,100,4380,6cda34fc360a844414768b2a41875b2cfe44d58d7fff4e5e4f2d86ea95d0362f
tests/mcp_routing/__init__.py,E Validation,0,0,e3b0c44298fc1c149afbf4c8996fb92427ae41e4649b934ca495991b7852b855
tests/mcp_routing/cases.yaml,E Validation,83,2676,d14781051e14124e9560c23bb589582a49d422c77788e42212cf3fbba0ea4842
tests/skill_evals/__init__.py,E Validation,0,0,e3b0c44298fc1c149afbf4c8996fb92427ae41e4649b934ca495991b7852b855
tests/skill_evals/core_cases.yaml,E Validation,150,5425,8d61dc6773e2e697879c27b1953ecb10a91e8153dff282ff60d5d256f3fe5af8
tests/skill_routing/README.md,E Validation,65,2921,8b503803dbb9ca9c728365f3450ac1d707015bd961395ece50303949914c3e85
tests/skill_routing/__init__.py,E Validation,0,0,e3b0c44298fc1c149afbf4c8996fb92427ae41e4649b934ca495991b7852b855
tests/skill_routing/cases.yaml,E Validation,127,3904,2c3213d6b41a9dd4c827d495769ff475aa8b359db5cd8e1ee00140350ee3dcd7
tests/skill_routing/visual_direction_cases.yaml,E Validation,61,2189,0fb7bfc7737f41ff548b2e0a2468f779307cd9fdb30ffab331879c3a97e44747
tests/__init__.py,E Validation,0,0,e3b0c44298fc1c149afbf4c8996fb92427ae41e4649b934ca495991b7852b855
tools/context_pack_validator/validate_context_packs.py,E Validation,276,13101,1c05c81cb42a0293cdce5ae641d334be2f39ac0296f7cf931071bec45c911b8c
tools/contract_validator/validate_contracts.py,E Validation,170,7266,c9536a6163c153a6591c6c63909692b95254606975e10c649cc0f650bafd7f72
tools/documentation_validator/validate_documentation.py,E Validation,262,9228,41c1a9b34fdf2b2a98f0433df8a090fdfe18080837accd8dc264eb11e06c66e5
tools/GraphObservatory/README.md,B Domain Knowledge,28,1472,13dccfa9f82b1f06f8001146adb4c96f57798f39162a6d03053d71a84eec441c
tools/GraphObservatory/build.py,B Domain Knowledge,60,2122,ba326671d08a1914d2189ce47194abdd5239519daa0549dc05cd59c4609492aa
tools/GraphObservatory/builder/PIPELINE.md,B Domain Knowledge,34,532,dec37f0a8816cd7c8df4c223b2c5774d7645160d12a3c7f5c50ae491b127b7b2
tools/GraphObservatory/builder/README.md,B Domain Knowledge,26,958,aeacf1d8eb2ad7b313319d6b397deda873ba7ca0aba3f8647d927dd7621bcf5b
tools/GraphObservatory/builder/edge_resolver.py,B Domain Knowledge,44,1319,9aef0ff8017d0cdb0e41f207c6301cdc885486376360c69e287cb8344481545f
tools/GraphObservatory/builder/execution_manifest_adapter.py,B Domain Knowledge,39,1253,4b124186329e448b93d97f798622e79b19adda228940e3ef6eb3616be582adda
tools/GraphObservatory/builder/export_graph.py,B Domain Knowledge,38,1003,eb55c807b3a31d35049630845913f540ce6fac71bd4d3f58e021e3184bc9fd82
tools/GraphObservatory/builder/generate_artifacts.py,B Domain Knowledge,39,1143,7b8a88a4832f80e92e8ed3c57df3ef1d3777af4d6145e7aa4e98e1182de61389
tools/GraphObservatory/builder/generate_observatory_graph.py,B Domain Knowledge,35,710,b1296ad99093f327b69866ccac849dd3266664b2fd518ba2e5ad372c8d1204ee
tools/GraphObservatory/builder/graph_builder.py,B Domain Knowledge,61,1782,2adaf6ab35f1b4fb69e511f8b5839fd595306531a443508edf304844f1e4dbbf
tools/GraphObservatory/builder/graph_relationships.yaml,B Domain Knowledge,20,373,875cf1110dc250d49436ae084b94661faed581fdd0b724a48db393cd0811b044
tools/GraphObservatory/builder/graph_validation.py,B Domain Knowledge,25,780,13e69bdfa60684967c7f1ae10c9b809c44bde70ede08853a2eaa8ae4b8855361
tools/GraphObservatory/builder/node_generators.py,B Domain Knowledge,41,1227,7058c9c8655b635a9eb2713f4389596f1869119332ab8b5ab2ce4c963888e07b
tools/GraphObservatory/builder/readers.py,B Domain Knowledge,41,1260,be6f5c0bda9249f4f1cb57bf2e0d0ffe1202d634cc3503ef9e0fab3e9e4e004f
tools/GraphObservatory/context_projection.py,B Domain Knowledge,90,3607,be56436efef0a4f318f51f577503737d6fa3dd3e704c63cb3cdfcea48acd62f4
tools/GraphObservatory/evaluate_expansion_gate.py,B Domain Knowledge,23,629,655adeec442a43b77e89e29a93c97c7a1afa6e46519713eb4171e21f7617c25b
tools/GraphObservatory/expansion_gate.py,B Domain Knowledge,48,1850,67c85095b808d5059d6f1039ea23b5dc66a022a56d41696dfb57fbc6781fe13d
tools/GraphObservatory/projection/README.md,B Domain Knowledge,45,1495,9927bd76c6dbf441a7041e3773be94945620da26bcbd665f627e4d5f0c82baa5
tools/GraphObservatory/projection/context_projection.py,B Domain Knowledge,29,1123,35f1259b93d2edafff41d94e0ed9b150be0533492b4ef5b82189a44f512d8416
tools/GraphObservatory/projection/execution_projection.py,B Domain Knowledge,30,1279,d98b18003d4a86d9acd24ac8f0970d6a518035e242e4837522d464a799560998
tools/GraphObservatory/projection/harness_projection.py,B Domain Knowledge,27,1183,47a90685e0a0aefaf65c00762bb76a17c23e047e6ed39f67edcf33d0e55b28ae
tools/GraphObservatory/projection/projection_contract.yaml,B Domain Knowledge,46,749,b9184f53ebfacff9a43804033d27376716958d2e5fde73aeaa0b8e85d898ddef
tools/GraphObservatory/projection/projection_runner.py,B Domain Knowledge,34,1065,6dff7ba7b0b1a90673c6bf18a3b34e66b10e3ab572789e403ab9ab8a127b398e
tools/GraphObservatory/projection/regression_projection.py,B Domain Knowledge,24,892,b7e642872a58ba91c77f2006ba5b9dbc8143b2deca4e113def54209f45697ba8
tools/GraphObservatory/validate_context_explorer.py,B Domain Knowledge,33,1185,197ca33e702917c934871e4bcb2cfb28e17ba5d9d627699dd2ccdb6b095f5f14
tools/GraphObservatory/validate_graph.py,B Domain Knowledge,26,1060,4ea06de071e80e764bfadcb582fca7a6738ba46567af9f8a0d250515185a1049
tools/graph_visualization/generate_parent_graph_mermaid.py,B Domain Knowledge,79,2625,47b344338a22a5933d18ff8ed5676290a69ef65c2668b97b30bd51311b304b96
tools/HarnessProjection/__init__.py,B Domain Knowledge,1,52,01f562e5f734ae72d51cf406f57bab974004696f8fc1c663f672abce6e3fe55f
tools/HarnessProjection/build_effective_harness.py,B Domain Knowledge,31,1009,de3449dba9e39bfb63c6b3826824513d100e22f194decaaca1682a10ce8a4e17
tools/HarnessProjection/effective_harness.py,B Domain Knowledge,294,11844,f715bc0d4c37905e72795d8ec3970ad98413b0387e3d8c5cf4efd374bc2ca24c
tools/HarnessProjection/validate_effective_harness.py,B Domain Knowledge,48,1573,e7e0fa2ad8e45a7c0af3bb7db196c2dd6f5dde9895e2558134157b3aab1a59b6
tools/production_tool_runtime/validate_production_tool_runtime.py,B Domain Knowledge,139,6772,269a8d66b978345a0e998419b987f50fa457498fdee2f87f7de62257089a3d1a
tools/route_graph_validator/validate_route_graph.py,E Validation,58,1903,6b27e38d415b270dea56e4140916b59e7387fb5eec80e103988e2f15904b06ab
tools/skill_eval/validate_skill_evals.py,B Domain Knowledge,166,5505,f6adafb64ceb9f2085f39928f0f5ceda7f327d2b4e202482db39048794d40cb0
tools/skill_validator/validate_skills.py,E Validation,384,11437,4a4f7405ec6211df68226db5cd1e9cbb0c963509b0e913b07ea7adfb439fa5fd
tools/run_regression_gate.py,B Domain Knowledge,326,11082,1192f8f43f479b1100e789ec00b15a3541c61aabb3288b20f44a5b6d213fe64e
tools/scan_shader_antipatterns.py,B Domain Knowledge,139,8961,5600012d6b300e337b746f5a3a88be7eea2d5d67467606ebd73966eb631a46e3
tools/validate_all.py,B Domain Knowledge,135,4292,537ac02a01bb0f49f14b7a2b8d0b82cfa0257777d139b3f50bb01c1c5a7cf446
UNITY_AGENT_BEHAVIOR_AUDIT.md,B Domain Knowledge,960,23416,2e1120cc3d3e4c1d9ae91d132bbbd1274c448278943b87b5c2e5769087e098b0
docs/architecture/architecture.md,B Domain Knowledge,432,10234,c37dff79210a984e3fb7f7125e6151d52900fca063461456ef7bbf1c6c1a33d3
docs/architecture/production-tool-runtime.md,B Domain Knowledge,442,13731,209f7ea93b203493e37c4afc707222b8aa40056e6a9b4beb4bae9701275b9c27
docs/architecture/reviews/unityagent-quality-2026-09-04/README.md,B Domain Knowledge,40,3413,fca9d9fdd051ad85f1f41b6306def7abace1f3ca9adddc405f8a10dc9993590c
docs/architecture/reviews/unityagent-quality-2026-09-04/current-state.md,B Domain Knowledge,54,4207,e7662f874615b45820e61e4f68435576dc704e00b640781978a23d16ed4135a0
docs/architecture/reviews/unityagent-quality-2026-09-04/evidence.md,B Domain Knowledge,65,4566,2edf755ad478292febe73b9ed6262648ceab76c6a78a36fad984436cb3a96f7d
docs/architecture/reviews/unityagent-quality-2026-09-04/execution-flows.md,B Domain Knowledge,86,3568,55392670a22a814e5348dfba918012c671b43342075be6ae174aeb39dec13f76
docs/architecture/reviews/unityagent-quality-2026-09-04/findings.md,B Domain Knowledge,185,17428,dcc20e5173bf7f8b641bf90ece162dae3437a3e9c1f94c00c987f2c83662a1fb
docs/architecture/reviews/unityagent-quality-2026-09-04/improvement-roadmap.md,B Domain Knowledge,80,6193,2eaffb4507f5fd2b98616b89a9ee63c07b4713f5c74daa76e3498cfe2a6faf38
docs/graph-observatory-spec.md,B Domain Knowledge,74,2395,49e9a097a8e66d5b624724e0d2f013e5b6d2508ff671d2d4c638882c20c91b77
docs/local-project-development.md,B Domain Knowledge,622,12265,55d51434b3590cdd97a2244c3b0c5415e5221ae2f657b80fc675dd549ecffea7
docs/migration/README.md,I Historical / Legacy Rule,139,3880,a4765430a18ac8db344dc8b2ce84993f7c8ceed1e701158a943087a6ba0d1298
docs/migration/architecture-canonical-contracts.md,I Historical / Legacy Rule,233,6581,20ff6071e61e11d97205cb42c253707ea469c4b5f9f39432e9461073b425930a
docs/migration/architecture-compatibility-delete-list.md,I Historical / Legacy Rule,61,4023,759321dc10d38bdd360b835540ad3ba6c878b1c44fdac7f9e326650851300cdf
docs/migration/architecture-dependency-map.md,I Historical / Legacy Rule,264,10923,667415f4eaf9df506c545f99153165ffc82b7076583c520e546f1782bff66ab2
docs/migration/architecture-harness-health-contract.md,I Historical / Legacy Rule,184,6083,c5474729ae1ce87364a70a1790a65cebac9fdbdf13bb38bd1f3e32a4fcd204a4
docs/migration/architecture-inventory.md,I Historical / Legacy Rule,123,27681,4d1a012a9e1fef2029bfcd675295f86ef7a3051accb310e98dece977e1784f84
docs/migration/architecture-migration-plan.md,I Historical / Legacy Rule,278,12189,b0a8d0339ec2dc0bb085ae06c192212c21e0b1c74d15856b5fbf9d5b585ae888
docs/migration/architecture-split-list.md,I Historical / Legacy Rule,47,8191,f702f43d01f540004a08d447d8b299a78696122f97af6d0cc6bf1627503e4d87
docs/migration/architecture-version-resume-matrix.md,I Historical / Legacy Rule,113,6515,47656dc4a9f2591a4fb0feaa0bd5e8234e3f5a55af0bc87bb993872c5e11c333
docs/migration/baseline-comparator.md,I Historical / Legacy Rule,421,13659,870c9f115149eebbec71d17510e6e8c1417ece2f1ad629591056d3d53ef596d6
docs/migration/baseline-freeze.md,I Historical / Legacy Rule,113,4639,4afab7ea313a32eb4bc8ce3e6df159ec856864f913c47d98a346ba032f50aa99
docs/migration/canonical-contracts.md,I Historical / Legacy Rule,104,5736,4145f0e4aaf56d91f7699ce12377e348dba4b6e7cd28dea3cd34bf424c4d2d4f
docs/migration/cutover-checkpoint.md,I Historical / Legacy Rule,3,256,9f8d6ff5af27da4572eae718a7a1b71d29aaf365de545d8e80ad69f1f0a99b75
docs/migration/cutover-state.md,I Historical / Legacy Rule,3,211,ef2998d45678ff4274b69e7a2b2aeaf1a072157919ac5ed3d4a2c71f03d1a599
docs/migration/cutover.md,I Historical / Legacy Rule,41,1836,b87fe9d99f7cc32a5e0766c1a9410f7b952306048d5d10216c7df1a1620b7ee7
docs/migration/delete-manifest.md,I Historical / Legacy Rule,17,574,2cad098195c02c9b2b49582d2667958217765939b6ec703425fde64a6f3add9a
docs/migration/eval-consolidation.md,I Historical / Legacy Rule,266,10328,81ffc0fd464b6a33be2c02f709cfa024ce17fe559e83c13c99d6aeb92b4184ec
docs/migration/operations.md,I Historical / Legacy Rule,189,6908,b8b460134b8ffd2987a2ac86863ef10824005145314c0cef6437ac6e76f12090
docs/migration/orchestration.md,I Historical / Legacy Rule,56,2936,14f0c58fcc4b504006e40faa8f2f2e28cd91e9a03920c0cfc9d55d69e6c6eb0e
docs/migration/persistence.md,I Historical / Legacy Rule,163,6269,1b49def6fb5d9c92bab506c6caa2bca635bd966cf38bd9c9ff889299cac39860
docs/migration/policy-context.md,I Historical / Legacy Rule,156,4636,aa341ce79f09d0c3f7b86ff4e3374113299cfdfcbb130bc1c6dc237b0028e9ef
docs/migration/production-rebaseline.md,I Historical / Legacy Rule,273,8382,6cbd13374737917d30ea1a5bb145cebea96c3ffabd047be37286071080c017c7
docs/migration/production-tool-runtime-cutover.md,I Historical / Legacy Rule,314,7171,e6bbc9cca8740b1b9cce7f8ae851a04ac5d7962f45b3010ea53cdcdf66853130
docs/migration/runtime-harness.md,I Historical / Legacy Rule,44,2830,27e07d3c98037611b38301e618586ef609c913b0df04d1f8624bbbbce0ca2688
docs/unity-environment-adaptation.md,B Domain Knowledge,399,8654,c69bb74d04d217c2678ee3080b7a92c447dd6842a85740e19cbfd4f372f0cef9
